claim_id,predict,label
0,false,false
1,false,NEI
2,false,false
3,NEI,true
4,false,false
5,NEI,true
6,false,false
7,false,false
8,false,false
9,false,NEI
10,true,true
11,false,NEI
12,true,NEI
13,true,true
14,true,true
15,false,false
16,true,false
17,false,NEI
18,NEI,false
19,true,true
20,false,false
21,false,true
22,true,true
23,true,NEI
24,false,false
25,false,false
26,NEI,NEI
27,true,true
28,NEI,true
29,false,false
30,true,true
31,false,false
32,false,NEI
33,NEI,NEI
34,NEI,NEI
35,NEI,true
36,false,false
37,NEI,true
38,false,false
39,true,true
40,false,false
41,false,false
42,true,NEI
43,true,true
44,false,NEI
45,true,true
46,false,NEI
47,true,true
48,true,NEI
49,NEI,NEI
50,false,false
51,NEI,false
52,false,false
53,true,true
54,true,true
55,false,false
56,false,false
57,true,true
58,true,true
59,true,true
60,false,false
61,true,true
62,true,true
63,NEI,true
64,true,true
65,NEI,true
66,false,false
67,NEI,true
68,NEI,true
69,true,NEI
70,true,true
71,false,true
72,false,false
73,NEI,true
74,true,NEI
75,true,true
76,true,NEI
77,true,true
78,false,false
79,false,false
80,true,false
81,false,false
82,false,NEI
83,NEI,NEI
84,false,false
85,false,NEI
86,NEI,true
87,false,false
88,false,false
89,true,NEI
90,true,true
91,false,false
92,false,false
93,NEI,NEI
94,false,false
95,NEI,true
96,true,true
97,true,false
98,NEI,NEI
99,NEI,false
100,false,NEI
101,NEI,false
102,NEI,NEI
103,true,true
104,false,false
105,false,false
106,true,true
107,NEI,NEI
108,true,true
109,true,true
110,NEI,NEI
111,true,true
112,false,false
113,true,true
114,false,false
115,true,true
116,false,false
117,false,NEI
118,NEI,true
119,false,false
120,false,NEI
121,NEI,true
122,false,false
123,true,true
124,false,true
125,NEI,true
126,NEI,true
127,false,false
128,false,NEI
129,true,true
130,false,false
131,false,NEI
132,true,true
133,NEI,true
134,NEI,false
135,true,true
136,false,false
137,false,NEI
138,true,true
139,false,false
140,false,false
141,true,true
142,false,NEI
143,false,false
144,false,NEI
145,true,true
146,false,false
147,false,false
148,NEI,false
149,false,false
150,false,false
151,false,false
152,false,false
153,NEI,false
154,false,false
155,NEI,NEI
156,true,true
157,false,false
158,NEI,true
159,true,true
160,false,false
161,true,true
162,NEI,true
163,false,NEI
164,false,false
165,true,true
166,false,false
167,true,true
168,true,true
169,true,true
170,NEI,true
171,false,false
172,false,true
173,true,false
174,true,true
175,NEI,true
176,false,false
177,true,true
178,true,false
179,true,true
180,true,true
181,true,false
182,false,true
183,false,true
184,false,false
185,false,false
186,NEI,true
187,NEI,false
188,false,NEI
189,false,false
190,true,true
191,false,false
192,false,false
193,false,false
194,true,true
195,false,false
196,false,false
197,false,NEI
198,true,true
199,false,false
200,NEI,true
201,false,false
202,NEI,true
203,true,NEI
204,false,NEI
205,NEI,NEI
206,true,NEI
207,false,false
208,true,true
209,true,true
210,false,false
211,false,true
212,false,false
213,false,NEI
214,false,false
215,true,true
216,false,NEI
217,true,true
218,false,NEI
219,false,false
220,NEI,NEI
221,false,false
222,false,false
223,NEI,false
224,true,true
225,false,false
226,true,NEI
227,false,false
228,true,true
229,false,false
230,NEI,true
231,false,true
232,NEI,true
233,NEI,true
234,false,false
235,false,false
236,true,NEI
237,true,true
238,false,false
239,NEI,true
240,NEI,false
241,false,false
242,true,NEI
243,true,true
244,NEI,true
245,false,false
246,false,false
247,NEI,true
248,NEI,true
249,false,false
250,NEI,true
251,false,false
252,false,false
253,true,false
254,NEI,true
255,false,false
256,false,false
257,NEI,false
258,true,true
259,NEI,false
260,NEI,NEI
261,false,false
262,true,false
263,false,false
264,true,false
265,false,true
266,true,true
267,true,true
268,false,true
269,true,true
270,true,true
271,false,false
272,NEI,true
273,NEI,true
274,false,false
275,NEI,false
276,false,false
277,true,false
278,true,true
279,false,false
280,NEI,NEI
281,true,NEI
282,false,true
283,NEI,true
284,false,true
285,NEI,NEI
286,true,NEI
287,true,true
288,true,true
289,false,false
290,true,true
291,true,NEI
292,false,false
293,false,false
294,NEI,true
295,false,false
296,true,true
297,false,false
298,false,false
299,NEI,NEI
300,NEI,false
301,true,NEI
302,NEI,false
303,false,false
304,NEI,false
305,true,true
306,true,NEI
307,false,false
308,NEI,NEI
309,true,NEI
310,true,NEI
311,false,false
312,false,false
313,false,false
314,NEI,NEI
315,true,true
316,false,false
317,NEI,true
318,false,false
319,false,false
320,NEI,false
321,NEI,false
322,false,false
323,true,NEI
324,false,NEI
325,false,false
326,NEI,true
327,true,true
328,NEI,NEI
329,NEI,true
330,true,true
331,true,true
332,NEI,true
333,false,NEI
334,false,false
335,NEI,false
336,false,false
337,false,false
338,true,true
339,false,NEI
340,true,true
341,false,false
342,false,false
343,false,false
344,false,NEI
345,NEI,true
346,false,NEI
347,false,false
348,false,false
349,false,true
350,false,NEI
351,NEI,true
352,true,true
353,false,false
354,false,true
355,false,NEI
356,false,false
357,NEI,false
358,true,true
359,NEI,true
360,false,false
361,false,false
362,NEI,NEI
363,true,true
364,true,true
365,NEI,true
366,false,false
367,NEI,true
368,true,true
369,NEI,false
370,false,true
371,true,true
372,true,true
373,false,false
374,true,true
375,true,NEI
376,false,false
377,true,true
378,NEI,NEI
379,false,NEI
380,NEI,true
381,false,false
382,true,true
383,NEI,false
384,false,false
385,true,true
386,false,false
387,false,false
388,false,NEI
389,false,false
390,false,NEI
391,false,NEI
392,true,true
393,true,true
394,NEI,true
395,false,false
396,NEI,true
397,false,NEI
398,NEI,false
399,NEI,false
400,false,NEI
401,true,true
402,true,true
403,false,NEI
404,true,true
405,false,false
406,false,NEI
407,NEI,NEI
408,true,true
409,false,false
410,NEI,false
411,NEI,NEI
412,false,false
413,true,true
414,true,true
415,false,true
416,true,true
417,NEI,false
418,NEI,true
419,true,true
420,NEI,NEI
421,NEI,NEI
422,true,NEI
423,NEI,NEI
424,false,false
425,false,false
426,true,false
427,NEI,false
428,false,true
429,false,false
430,false,false
431,true,true
432,NEI,false
433,true,true
434,true,true
435,true,false
436,NEI,true
437,false,false
438,NEI,false
439,false,false
440,false,false
441,true,NEI
442,true,true
443,false,false
444,true,true
445,NEI,NEI
446,NEI,false
447,false,false
448,true,true
449,NEI,true
450,false,NEI
451,true,true
452,true,false
453,true,true
454,false,true
455,true,true
456,false,false
457,false,false
458,false,false
459,false,false
460,NEI,true
461,false,false
462,false,false
463,NEI,true
464,false,false
465,false,false
466,false,false
467,true,false
468,false,false
469,true,true
470,true,true
471,true,true
472,NEI,NEI
473,NEI,NEI
474,NEI,false
475,NEI,false
476,NEI,false
477,NEI,false
478,false,false
479,false,false
480,false,false
481,false,false
482,true,true
483,false,NEI
484,true,true
485,false,false
486,false,false
487,true,false
488,true,false
489,true,false
490,false,false
491,true,NEI
492,true,NEI
493,NEI,NEI
494,NEI,true
495,NEI,NEI
496,false,NEI
497,false,NEI
498,true,true
499,false,NEI
500,false,true
501,NEI,true
502,false,false
503,NEI,true
504,false,NEI
505,false,false
506,false,false
507,NEI,NEI
508,NEI,NEI
509,NEI,false
510,true,true
511,true,true
512,true,true
513,true,true
514,true,true
515,true,true
516,true,true
517,true,true
518,false,true
519,false,false
520,false,false
521,false,false
522,NEI,true
523,false,false
524,false,false
525,false,false
526,false,false
527,true,NEI
528,true,NEI
529,true,NEI
530,false,NEI
531,false,false
532,false,false
533,false,false
534,false,false
535,false,false
536,true,true
537,true,true
538,NEI,NEI
539,true,true
540,false,NEI
541,true,true
542,true,true
543,true,true
544,NEI,false
545,true,true
546,false,false
547,false,false
548,true,true
549,true,true
550,false,false
551,false,false
552,true,false
553,false,false
554,true,true
555,true,false
556,NEI,false
557,NEI,false
558,NEI,false
559,true,true
560,false,false
561,true,true
562,false,true
563,NEI,true
564,false,true
565,NEI,NEI
566,true,false
567,false,true
568,NEI,true
569,false,false
570,false,false
571,true,true
572,true,true
573,true,true
574,true,false
575,true,true
576,false,false
577,false,false
578,false,false
579,false,false
580,false,false
581,NEI,true
582,false,NEI
583,false,false
584,false,true
585,true,false
586,true,true
587,true,false
588,false,false
589,true,false
590,true,false
591,false,false
592,NEI,true
593,false,false
594,true,NEI
595,true,NEI
596,true,NEI
597,true,true
598,true,true
599,true,true
600,true,NEI
601,true,NEI
602,true,NEI
603,true,NEI
604,true,NEI
605,true,NEI
606,true,NEI
607,true,NEI
608,true,NEI
609,false,false
610,true,true
611,false,false
612,false,false
613,NEI,true
614,false,NEI
615,true,true
616,true,NEI
617,true,true
618,NEI,NEI
619,true,true
620,true,true
621,true,true
622,true,NEI
623,true,NEI
624,NEI,NEI
625,false,false
626,NEI,true
627,true,true
628,true,true
629,true,true
630,true,true
631,true,NEI
632,false,false
633,false,false
634,NEI,false
635,true,true
636,NEI,false
637,false,false
638,false,true
639,NEI,true
640,NEI,true
641,NEI,true
642,NEI,true
643,true,true
644,true,true
645,false,false
646,true,true
647,false,false
648,false,false
649,false,false
650,false,false
651,false,false
652,false,false
653,NEI,true
654,false,NEI
655,NEI,false
656,NEI,true
657,true,true
658,NEI,false
659,true,NEI
660,true,true
661,NEI,true
662,false,false
663,true,true
664,NEI,true
665,false,NEI
666,false,NEI
667,NEI,NEI
668,false,NEI
669,false,false
670,NEI,false
671,true,true
672,false,false
673,false,false
674,false,false
675,false,false
676,false,false
677,false,false
678,false,false
679,false,false
680,true,true
681,false,false
682,false,false
683,false,false
684,false,false
685,false,false
686,false,false
687,false,false
688,false,false
689,true,true
690,false,false
691,false,false
692,false,false
693,false,false
694,false,false
695,NEI,false
696,false,false
697,false,true
698,true,NEI
699,NEI,NEI
700,false,false
701,false,false
702,NEI,true
703,true,true
704,false,false
705,true,true
706,false,false
707,true,true
708,true,true
709,true,true
710,false,false
711,NEI,false
712,NEI,false
713,NEI,false
714,true,true
715,true,true
716,NEI,true
717,true,true
718,false,false
719,NEI,false
720,NEI,false
721,false,false
722,false,false
723,NEI,NEI
724,false,false
725,false,false
726,true,true
727,true,true
728,true,true
729,false,NEI
730,true,true
731,false,false
732,false,false
733,false,false
734,true,true
735,true,true
736,NEI,true
737,true,true
738,false,NEI
739,true,true
740,false,false
741,false,false
742,false,false
743,NEI,false
744,NEI,false
745,NEI,false
746,NEI,false
747,false,false
748,true,false
749,true,true
750,false,false
751,true,true
752,false,false
753,true,true
754,false,false
755,true,true
756,false,false
757,false,false
758,false,false
759,false,false
760,NEI,true
761,false,false
762,true,false
763,true,false
764,true,true
765,true,true
766,true,true
767,true,true
768,true,false
769,true,true
770,NEI,NEI
771,false,NEI
772,true,NEI
773,true,true
774,true,true
775,true,true
776,true,true
777,true,true
778,true,true
779,true,true
780,true,true
781,true,true
782,true,true
783,true,true
784,true,true
785,true,true
786,NEI,NEI
787,NEI,NEI
788,NEI,NEI
789,NEI,NEI
790,NEI,NEI
791,NEI,NEI
792,NEI,NEI
793,true,NEI
794,false,true
795,false,false
796,false,false
797,true,true
798,NEI,true
799,true,true
800,NEI,NEI
801,NEI,true
802,false,false
803,false,true
804,false,false
805,false,false
806,false,false
807,true,false
808,true,true
809,true,NEI
810,true,NEI
811,true,NEI
812,true,NEI
813,false,false
814,NEI,false
815,NEI,false
816,NEI,false
817,false,false
818,false,false
819,false,false
820,false,false
821,NEI,false
822,NEI,false
823,NEI,NEI
824,NEI,false
825,true,true
826,true,true
827,false,false
828,false,false
829,false,false
830,false,false
831,false,false
832,NEI,true
833,false,false
834,false,false
835,false,false
836,false,false
837,false,false
838,NEI,false
839,NEI,NEI
840,false,NEI
841,false,NEI
842,false,NEI
843,false,false
844,false,false
845,false,false
846,NEI,true
847,false,false
848,false,false
849,false,false
850,false,false
851,false,false
852,false,false
853,false,false
854,false,false
855,true,false
856,false,NEI
857,NEI,true
858,false,true
859,NEI,true
860,true,true
861,NEI,false
862,NEI,NEI
863,false,false
864,true,true
865,true,true
866,true,true
867,NEI,true
868,false,false
869,false,false
870,false,NEI
871,false,false
872,false,NEI
873,NEI,true
874,NEI,true
875,true,true
876,true,true
877,NEI,true
878,NEI,true
879,NEI,true
880,true,true
881,false,true
882,false,false
883,false,false
884,true,false
885,true,false
886,true,false
887,true,true
888,false,true
889,false,false
890,false,false
891,NEI,true
892,false,false
893,false,false
894,false,false
895,false,false
896,false,false
897,false,false
898,true,true
899,true,true
900,true,true
901,false,NEI
902,false,NEI
903,false,true
904,true,NEI
905,false,false
906,true,true
907,false,false
908,true,NEI
909,true,NEI
910,NEI,NEI
911,true,NEI
912,true,true
913,true,true
914,true,true
915,false,false
916,NEI,true
917,false,false
918,true,true
919,true,NEI
920,true,NEI
921,true,NEI
922,false,false
923,true,true
924,true,true
925,true,true
926,false,NEI
927,false,NEI
928,false,NEI
929,true,NEI
930,true,true
931,true,true
932,false,false
933,false,NEI
934,false,NEI
935,false,NEI
936,false,false
937,true,true
938,false,false
939,false,false
940,false,false
941,true,true
942,true,true
943,false,false
944,NEI,false
945,NEI,false
946,false,false
947,false,false
948,false,false
949,false,false
950,false,false
951,false,NEI
952,false,false
953,NEI,false
954,false,false
955,false,true
956,false,true
957,false,false
958,false,false
959,false,false
960,false,true
961,true,true
962,false,false
963,false,NEI
964,false,NEI
965,false,NEI
966,false,NEI
967,false,NEI
968,true,true
969,true,NEI
970,true,true
971,false,false
972,false,false
973,false,false
974,false,false
975,false,false
976,false,false
977,true,NEI
978,false,false
979,false,false
980,false,false
981,false,false
982,true,true
983,NEI,true
984,true,true
985,false,false
986,false,false
987,false,false
988,true,false
989,false,false
990,false,false
991,false,false
992,NEI,true
993,NEI,NEI
994,NEI,true
995,false,false
996,false,false
997,false,false
998,true,NEI
999,false,false
1000,false,false
1001,NEI,false
1002,NEI,false
1003,true,true
1004,NEI,true
1005,NEI,false
1006,NEI,false
1007,NEI,false
1008,NEI,false
1009,true,NEI
1010,NEI,NEI
1011,true,NEI
1012,false,false
1013,false,false
1014,NEI,false
1015,false,false
1016,true,false
1017,true,true
1018,true,true
1019,true,true
1020,false,false
1021,false,false
1022,false,false
1023,false,false
1024,NEI,true
1025,true,false
1026,true,true
1027,NEI,NEI
1028,true,true
1029,true,true
1030,true,true
1031,false,false
1032,true,true
1033,true,true
1034,false,false
1035,true,false
1036,false,false
1037,true,false
1038,NEI,true
1039,false,false
1040,NEI,true
1041,true,true
1042,true,true
1043,true,true
1044,true,true
1045,true,true
1046,true,true
1047,true,true
1048,true,true
1049,true,true
1050,NEI,true
1051,true,true
1052,false,false
1053,false,false
1054,false,false
1055,false,false
1056,NEI,false
1057,true,true
1058,true,true
1059,true,true
1060,true,true
1061,true,true
1062,true,true
1063,true,true
1064,true,true
1065,false,false
1066,NEI,false
1067,false,false
1068,false,false
1069,false,false
1070,NEI,false
1071,NEI,false
1072,false,false
1073,false,false
1074,true,true
1075,true,true
1076,false,NEI
1077,true,true
1078,false,false
1079,true,true
1080,false,true
1081,true,NEI
1082,true,true
1083,false,true
1084,true,true
1085,true,true
1086,true,true
1087,false,true
1088,false,false
1089,true,true
1090,true,false
1091,NEI,true
1092,false,false
1093,false,false
1094,false,false
1095,true,true
1096,NEI,false
1097,NEI,false
1098,true,NEI
1099,false,false
1100,false,false
1101,true,true
1102,true,false
1103,false,false
1104,NEI,false
1105,false,false
1106,NEI,false
1107,NEI,false
1108,true,true
1109,NEI,NEI
1110,NEI,true
1111,true,NEI
1112,false,NEI
1113,true,NEI
1114,false,NEI
1115,false,NEI
1116,false,false
1117,false,NEI
1118,false,false
1119,false,false
1120,false,false
1121,true,true
1122,false,false
1123,true,true
1124,NEI,false
1125,true,true
1126,NEI,false
1127,true,true
1128,false,false
1129,false,true
1130,true,true
1131,true,NEI
1132,NEI,false
1133,true,true
1134,true,true
1135,true,true
1136,NEI,false
1137,NEI,false
1138,NEI,true
1139,NEI,true
1140,true,true
1141,false,false
1142,true,true
1143,false,false
1144,true,true
1145,true,NEI
1146,true,NEI
1147,true,NEI
1148,true,true
1149,true,true
1150,false,false
1151,false,NEI
1152,false,false
1153,NEI,false
1154,true,true
1155,true,false
1156,false,false
1157,true,true
1158,NEI,true
1159,false,false
1160,false,false
1161,false,false
1162,false,false
1163,false,false
1164,true,true
1165,true,true
1166,true,true
1167,false,false
1168,false,false
1169,false,false
1170,false,NEI
1171,NEI,NEI
1172,NEI,NEI
1173,NEI,NEI
1174,true,true
1175,NEI,true
1176,true,NEI
1177,true,true
1178,true,NEI
1179,false,false
1180,false,false
1181,false,false
1182,false,false
1183,false,false
1184,true,NEI
1185,true,NEI
1186,true,NEI
1187,false,false
1188,true,false
1189,true,false
1190,true,true
1191,true,true
1192,true,true
1193,true,true
1194,NEI,true
1195,false,false
1196,true,false
1197,false,false
1198,false,false
1199,false,false
1200,true,true
1201,false,false
1202,true,NEI
1203,NEI,NEI
1204,NEI,NEI
1205,NEI,NEI
1206,NEI,true
1207,true,true
1208,NEI,true
1209,false,false
1210,false,false
1211,false,false
1212,false,NEI
1213,NEI,true
1214,NEI,true
1215,NEI,true
1216,true,true
1217,false,false
1218,false,false
1219,false,false
1220,true,NEI
1221,NEI,true
1222,false,false
1223,NEI,false
1224,NEI,false
1225,false,true
1226,NEI,true
1227,true,true
1228,true,true
1229,false,false
1230,false,false
1231,false,false
1232,false,true
1233,true,NEI
1234,true,NEI
1235,true,NEI
1236,true,NEI
1237,false,NEI
1238,false,true
1239,NEI,true
1240,false,false
1241,true,true
1242,true,true
1243,false,false
1244,true,true
1245,NEI,true
1246,NEI,true
1247,NEI,true
1248,true,true
1249,true,true
1250,true,true
1251,true,true
1252,true,NEI
1253,false,false
1254,false,NEI
1255,true,false
1256,true,NEI
1257,false,false
1258,false,false
1259,false,false
1260,false,false
1261,true,true
1262,false,false
1263,false,false
1264,false,true
1265,NEI,false
1266,true,true
1267,true,false
1268,true,true
1269,false,false
1270,false,false
1271,false,false
1272,NEI,NEI
1273,false,NEI
1274,false,false
1275,false,true
1276,true,true
1277,true,true
1278,false,false
1279,true,true
1280,false,false
1281,false,false
1282,false,false
1283,false,NEI
1284,false,NEI
1285,false,NEI
1286,true,false
1287,false,false
1288,false,false
1289,false,false
1290,true,true
1291,false,false
1292,true,true
1293,true,true
1294,false,false
1295,false,false
1296,false,false
1297,false,false
1298,false,false
1299,true,true
1300,true,true
1301,NEI,true
1302,true,true
1303,true,true
1304,true,true
1305,NEI,false
1306,NEI,false
1307,NEI,false
1308,true,true
1309,false,false
1310,true,true
1311,true,true
1312,true,true
1313,true,true
1314,false,false
1315,false,false
1316,NEI,false
1317,true,NEI
1318,true,false
1319,false,false
1320,false,false
1321,NEI,false
1322,NEI,false
1323,NEI,false
1324,NEI,true
1325,NEI,NEI
1326,false,false
1327,false,NEI
1328,NEI,NEI
1329,NEI,NEI
1330,true,NEI
1331,false,NEI
1332,true,NEI
1333,false,NEI
1334,true,NEI
1335,true,NEI
1336,true,NEI
1337,false,false
1338,false,false
1339,false,false
1340,false,NEI
1341,false,false
1342,NEI,false
1343,false,false
1344,false,false
1345,true,true
1346,true,true
1347,false,false
1348,NEI,true
1349,false,false
1350,false,false
1351,false,true
1352,false,true
1353,false,true
1354,NEI,NEI
1355,false,false
1356,false,false
1357,NEI,true
1358,NEI,false
1359,NEI,false
1360,NEI,false
1361,false,false
1362,NEI,NEI
1363,NEI,true
1364,false,false
1365,false,false
1366,false,false
1367,false,false
1368,false,false
1369,true,true
1370,false,false
1371,NEI,false
1372,NEI,false
1373,NEI,false
1374,NEI,false
1375,NEI,false
1376,NEI,false
1377,false,NEI
1378,false,NEI
1379,false,NEI
1380,false,true
1381,true,NEI
1382,true,true
1383,false,false
1384,NEI,true
1385,false,false
1386,false,false
1387,false,false
1388,false,NEI
1389,NEI,NEI
1390,NEI,NEI
1391,true,NEI
1392,NEI,NEI
1393,false,false
1394,true,NEI
1395,NEI,NEI
1396,NEI,NEI
1397,false,false
1398,true,true
1399,false,false
1400,NEI,true
1401,false,NEI
1402,NEI,NEI
1403,true,NEI
1404,false,false
1405,NEI,true
1406,NEI,true
1407,true,true
1408,true,true
1409,false,true
1410,false,false
1411,true,true
1412,true,false
1413,false,false
1414,false,false
1415,NEI,true
1416,true,true
1417,true,true
1418,true,false
1419,NEI,false
1420,true,false
1421,false,true
1422,false,false
1423,NEI,true
1424,NEI,true
1425,NEI,true
1426,false,NEI
1427,false,NEI
1428,true,true
1429,false,false
1430,true,false
1431,NEI,NEI
1432,false,NEI
1433,true,true
1434,false,false
1435,false,false
1436,false,false
1437,false,false
1438,false,false
1439,NEI,false
1440,false,false
1441,false,false
1442,false,false
1443,false,false
1444,true,NEI
1445,true,NEI
1446,true,NEI
1447,true,NEI
1448,true,true
1449,false,false
1450,true,true
1451,NEI,false
1452,false,false
1453,false,false
1454,false,false
1455,false,false
1456,NEI,true
1457,true,true
1458,false,false
1459,true,NEI
1460,false,false
1461,NEI,false
1462,NEI,false
1463,NEI,false
1464,true,true
1465,false,false
1466,true,false
1467,false,false
1468,true,NEI
1469,false,NEI
1470,true,true
1471,true,false
1472,true,false
1473,true,false
1474,true,NEI
1475,false,false
1476,NEI,false
1477,false,false
1478,NEI,true
1479,NEI,NEI
1480,true,true
1481,true,NEI
1482,true,NEI
1483,true,NEI
1484,true,NEI
1485,true,true
1486,false,false
1487,false,true
1488,false,NEI
1489,false,false
1490,false,false
1491,false,false
1492,false,false
1493,false,false
1494,false,false
1495,NEI,false
1496,true,true
1497,false,false
1498,false,false
1499,NEI,false
1500,true,true
1501,true,false
1502,NEI,NEI
1503,true,NEI
1504,NEI,NEI
1505,false,false
1506,false,false
1507,false,false
1508,false,false
1509,false,false
1510,false,false
1511,false,false
1512,false,NEI
1513,true,true
1514,NEI,true
1515,true,true
1516,false,false
1517,NEI,true
1518,false,false
1519,true,true
1520,false,false
1521,false,false
1522,false,false
1523,true,true
1524,false,false
1525,true,true
1526,true,true
1527,true,true
1528,false,false
1529,true,true
1530,true,true
1531,true,true
1532,false,true
1533,false,false
1534,false,false
1535,false,false
1536,true,true
1537,NEI,NEI
1538,false,false
1539,false,false
1540,true,true
1541,false,false
1542,false,false
1543,false,false
1544,true,NEI
1545,NEI,NEI
1546,NEI,NEI
1547,NEI,NEI
1548,NEI,NEI
1549,true,false
1550,true,true
1551,NEI,true
1552,true,true
1553,false,false
1554,false,false
1555,true,true
1556,true,true
1557,true,true
1558,NEI,true
1559,false,NEI
1560,false,false
1561,false,false
1562,NEI,true
1563,true,true
1564,false,false
1565,false,false
1566,false,false
1567,NEI,false
1568,false,false
1569,NEI,false
1570,true,NEI
1571,NEI,false
1572,NEI,false
1573,NEI,false
1574,NEI,false
1575,NEI,NEI
1576,false,true
1577,true,true
1578,true,NEI
1579,NEI,NEI
1580,NEI,true
1581,false,false
1582,false,NEI
1583,true,NEI
1584,true,true
1585,NEI,NEI
1586,NEI,true
1587,NEI,NEI
1588,false,false
1589,NEI,true
1590,true,true
1591,false,false
1592,false,true
1593,NEI,NEI
1594,NEI,false
1595,NEI,true
1596,false,false
1597,true,true
1598,false,NEI
1599,NEI,NEI
1600,NEI,NEI
1601,false,false
1602,NEI,true
1603,false,false
1604,false,true
1605,false,true
1606,NEI,true
1607,true,true
1608,NEI,true
1609,true,true
1610,false,false
1611,true,true
1612,true,true
1613,true,true
1614,false,true
1615,true,true
1616,true,true
1617,true,true
1618,false,false
1619,false,false
1620,false,false
1621,false,false
1622,true,NEI
1623,true,NEI
1624,true,NEI
1625,true,NEI
1626,true,NEI
1627,true,false
1628,NEI,true
1629,true,true
1630,false,false
1631,true,true
1632,true,true
1633,false,false
1634,false,false
1635,false,false
1636,false,false
1637,false,NEI
1638,NEI,NEI
1639,NEI,NEI
1640,NEI,true
1641,true,true
1642,false,false
1643,false,false
1644,NEI,false
1645,false,false
1646,false,false
1647,false,true
1648,true,true
1649,NEI,true
1650,false,false
1651,true,false
1652,false,false
1653,true,true
1654,false,false
1655,false,NEI
1656,true,true
1657,true,true
1658,false,NEI
1659,NEI,NEI
1660,true,NEI
1661,false,false
1662,true,true
1663,true,NEI
1664,NEI,NEI
1665,NEI,NEI
1666,true,true
1667,true,true
1668,true,true
1669,true,true
1670,false,false
1671,NEI,NEI
1672,false,false
1673,false,false
1674,true,true
1675,true,true
1676,true,NEI
1677,false,false
1678,false,false
1679,NEI,false
1680,false,false
1681,false,true
1682,true,NEI
1683,true,NEI
1684,true,NEI
1685,false,false
1686,false,NEI
1687,false,false
1688,NEI,true
1689,true,true
1690,true,true
1691,true,true
1692,true,true
1693,false,true
1694,NEI,NEI
1695,true,true
1696,true,true
1697,true,true
1698,true,true
1699,false,false
1700,true,true
1701,false,false
1702,false,false
1703,NEI,false
1704,NEI,false
1705,NEI,false
1706,false,false
1707,false,false
1708,false,false
1709,false,false
1710,NEI,false
1711,true,NEI
1712,false,true
1713,true,true
1714,true,true
1715,true,true
1716,false,false
1717,false,true
1718,true,true
1719,true,false
1720,false,NEI
1721,false,NEI
1722,false,NEI
1723,false,false
1724,false,false
1725,false,false
1726,false,false
1727,NEI,NEI
1728,false,true
1729,true,true
1730,true,true
1731,true,true
1732,false,NEI
1733,NEI,NEI
1734,false,NEI
1735,false,false
1736,false,false
1737,false,false
1738,NEI,false
1739,true,NEI
1740,NEI,true
1741,NEI,true
1742,true,true
1743,false,false
1744,false,false
1745,true,NEI
1746,false,false
1747,false,false
1748,true,true
1749,false,false
1750,false,NEI
1751,true,true
1752,true,true
1753,false,false
1754,false,false
1755,false,true
1756,false,false
1757,false,false
1758,NEI,NEI
1759,NEI,NEI
1760,NEI,NEI
1761,NEI,NEI
1762,true,true
1763,false,false
1764,true,true
1765,false,NEI
1766,true,true
1767,true,true
1768,true,true
1769,true,true
1770,false,false
1771,false,false
1772,false,false
1773,NEI,true
1774,false,false
1775,true,true
1776,true,true
1777,true,true
1778,true,true
1779,false,false
1780,false,false
1781,false,false
1782,NEI,NEI
1783,false,false
1784,false,false
1785,NEI,true
1786,true,true
1787,true,NEI
1788,false,false
1789,false,NEI
1790,false,false
1791,false,false
1792,NEI,true
1793,true,false
1794,NEI,NEI
1795,NEI,true
1796,true,true
1797,false,NEI
1798,false,NEI
1799,false,NEI
1800,true,NEI
1801,false,NEI
1802,true,NEI
1803,false,NEI
1804,NEI,NEI
1805,NEI,NEI
1806,NEI,NEI
1807,true,true
1808,true,true
1809,NEI,NEI
1810,NEI,NEI
1811,NEI,NEI
1812,false,false
1813,true,true
1814,false,false
1815,false,false
1816,NEI,false
1817,NEI,false
1818,true,NEI
1819,true,NEI
1820,NEI,NEI
1821,false,false
1822,NEI,NEI
1823,NEI,false
1824,NEI,NEI
1825,NEI,false
1826,false,false
1827,false,false
1828,false,false
1829,NEI,false
1830,true,true
1831,true,true
1832,false,true
1833,false,true
1834,false,false
1835,false,true
1836,false,true
1837,false,false
1838,NEI,true
1839,true,NEI
1840,NEI,true
1841,false,NEI
1842,true,false
1843,true,true
1844,true,NEI
1845,NEI,true
1846,NEI,false
1847,NEI,false
1848,NEI,false
1849,false,false
1850,true,true
1851,true,true
1852,NEI,false
1853,false,true
1854,false,false
1855,NEI,NEI
1856,true,true
1857,true,true
1858,true,false
1859,true,false
1860,true,false
1861,true,true
1862,false,false
1863,NEI,false
1864,NEI,false
1865,false,false
1866,true,false
1867,true,true
1868,false,NEI
1869,false,false
1870,false,false
1871,false,true
1872,NEI,false
1873,NEI,false
1874,true,true
1875,true,false
1876,false,NEI
1877,NEI,true
1878,false,false
1879,NEI,false
1880,false,false
1881,true,true
1882,false,false
1883,false,false
1884,true,true
1885,false,false
1886,false,NEI
1887,true,true
1888,false,true
1889,NEI,true
1890,NEI,true
1891,NEI,true
1892,false,false
1893,true,true
1894,true,true
1895,false,false
1896,false,false
1897,false,false
1898,true,true
1899,true,true
1900,true,true
1901,true,true
1902,false,false
1903,false,false
1904,NEI,true
1905,false,false
1906,false,true
1907,NEI,false
1908,true,true
1909,true,true
1910,false,false
1911,false,false
1912,false,false
1913,NEI,NEI
1914,NEI,NEI
1915,NEI,NEI
1916,false,false
1917,true,true
1918,false,NEI
1919,false,true
1920,true,NEI
1921,false,false
1922,false,false
1923,false,false
1924,true,NEI
1925,false,false
1926,false,false
1927,false,false
1928,NEI,false
1929,NEI,false
1930,false,false
1931,false,false
1932,false,false
1933,NEI,false
1934,false,false
1935,NEI,false
1936,NEI,false
1937,true,true
1938,false,false
1939,true,true
1940,true,NEI
1941,NEI,true
1942,false,false
1943,NEI,true
1944,true,true
1945,true,true
1946,false,false
1947,false,false
1948,NEI,false
1949,NEI,false
1950,NEI,false
1951,true,true
1952,true,true
1953,true,true
1954,false,false
1955,true,true
1956,false,false
1957,false,false
1958,false,false
1959,true,true
1960,true,true
1961,NEI,true
1962,true,true
1963,NEI,true
1964,true,true
1965,false,true
1966,false,false
1967,false,NEI
1968,false,NEI
1969,true,NEI
1970,true,true
1971,true,true
1972,true,true
1973,false,NEI
1974,true,false
1975,false,false
1976,false,false
1977,NEI,NEI
1978,false,false
1979,NEI,true
1980,true,NEI
1981,true,false
1982,true,false
1983,true,NEI
1984,NEI,false
1985,false,false
1986,false,false
1987,false,false
1988,false,false
1989,false,false
1990,NEI,false
1991,NEI,false
1992,true,true
1993,true,false
1994,NEI,true
1995,false,false
1996,false,false
1997,false,false
1998,false,false
1999,false,false
2000,false,false
2001,NEI,false
2002,true,false
2003,NEI,true
2004,true,NEI
2005,true,true
2006,true,true
2007,true,true
2008,true,true
2009,false,false
2010,false,true
2011,false,true
2012,false,true
2013,false,true
2014,true,true
2015,false,false
2016,false,NEI
2017,false,false
2018,false,false
2019,false,false
2020,NEI,false
2021,true,true
2022,true,true
2023,true,true
2024,true,true
2025,true,true
2026,true,true
2027,true,true
2028,NEI,NEI
2029,NEI,NEI
2030,NEI,NEI
2031,false,false
2032,true,true
2033,false,true
2034,true,true
2035,false,false
2036,false,NEI
2037,false,false
2038,NEI,false
2039,false,false
2040,true,true
2041,false,false
2042,true,true
2043,true,true
2044,NEI,NEI
2045,false,false
2046,NEI,true
2047,true,true
2048,false,false
2049,true,true
2050,true,true
2051,true,true
2052,false,false
2053,false,false
2054,NEI,true
2055,true,false
2056,true,true
2057,true,true
2058,true,true
2059,false,false
2060,true,true
2061,false,false
2062,false,false
2063,NEI,true
2064,false,false
2065,false,false
2066,NEI,false
2067,true,true
2068,false,false
2069,false,NEI
2070,false,false
2071,false,false
2072,NEI,true
2073,true,true
2074,true,true
2075,true,true
2076,false,false
2077,true,NEI
2078,true,NEI
2079,true,NEI
2080,false,false
2081,false,false
2082,NEI,false
2083,false,false
2084,true,NEI
2085,false,true
2086,false,NEI
2087,true,true
2088,true,true
2089,false,false
2090,NEI,false
2091,false,false
2092,false,false
2093,true,true
2094,true,NEI
2095,NEI,NEI
2096,NEI,NEI
2097,true,true
2098,true,true
2099,true,NEI
2100,true,NEI
2101,false,NEI
2102,NEI,NEI
2103,true,true
2104,false,false
2105,false,false
2106,true,false
2107,false,false
2108,false,NEI
2109,NEI,true
2110,false,true
2111,false,NEI
2112,false,false
2113,NEI,NEI
2114,false,false
2115,false,false
2116,false,false
2117,false,NEI
2118,NEI,NEI
2119,NEI,NEI
2120,false,NEI
2121,NEI,NEI
2122,false,true
2123,false,false
2124,true,true
2125,false,true
2126,true,NEI
2127,true,true
2128,true,true
2129,false,false
2130,true,false
2131,true,false
2132,true,true
2133,false,NEI
2134,NEI,true
2135,false,false
2136,false,false
2137,false,false
2138,NEI,false
2139,NEI,false
2140,false,false
2141,NEI,false
2142,false,false
2143,false,false
2144,false,false
2145,NEI,true
2146,false,false
2147,false,false
2148,false,false
2149,false,false
2150,false,false
2151,true,true
2152,NEI,false
2153,true,true
2154,NEI,true
2155,NEI,NEI
2156,false,true
2157,NEI,true
2158,false,false
2159,false,false
2160,true,true
2161,false,false
2162,NEI,false
2163,true,true
2164,true,true
2165,false,false
2166,NEI,true
2167,NEI,false
2168,NEI,true
2169,true,true
2170,NEI,true
2171,true,true
2172,false,true
2173,true,NEI
2174,true,false
2175,NEI,true
2176,false,false
2177,false,false
2178,false,false
2179,NEI,true
2180,false,false
2181,false,NEI
2182,true,false
2183,false,false
2184,true,true
2185,false,false
2186,NEI,true
2187,true,true
2188,false,false
2189,false,true
2190,false,false
2191,NEI,true
2192,true,true
2193,true,true
2194,true,true
2195,NEI,true
2196,false,false
2197,true,true
2198,false,false
2199,NEI,false
2200,NEI,false
2201,true,true
2202,NEI,NEI
2203,true,true
2204,false,false
2205,NEI,false
2206,false,false
2207,true,NEI
2208,true,true
2209,NEI,true
2210,NEI,false
2211,NEI,true
2212,NEI,true
2213,true,true
2214,true,true
2215,true,true
2216,true,true
2217,true,false
2218,true,false
2219,false,false
2220,false,false
2221,true,NEI
2222,true,NEI
2223,false,NEI
2224,true,true
2225,false,false
2226,true,true
2227,true,true
2228,true,NEI
2229,NEI,false
2230,true,true
2231,false,false
2232,true,true
2233,NEI,NEI
2234,NEI,NEI
2235,NEI,NEI
2236,true,true
2237,false,NEI
2238,false,false
2239,NEI,NEI
2240,false,false
2241,true,true
2242,true,true
2243,NEI,true
2244,false,true
2245,true,false
2246,false,true
2247,false,NEI
2248,false,false
2249,false,false
2250,false,false
2251,true,false
2252,false,false
2253,false,false
2254,NEI,false
2255,NEI,true
2256,NEI,true
2257,true,false
2258,false,NEI
2259,NEI,NEI
2260,NEI,true
2261,true,false
2262,false,false
2263,true,true
2264,false,NEI
2265,false,false
2266,true,true
2267,true,true
2268,true,true
2269,true,false
2270,NEI,NEI
2271,true,NEI
2272,NEI,NEI
2273,true,true
2274,NEI,true
2275,true,true
2276,true,true
2277,false,false
2278,false,false
2279,false,false
2280,false,false
2281,true,true
2282,false,false
2283,false,false
2284,false,false
2285,false,false
2286,false,false
2287,false,false
2288,NEI,true
2289,NEI,true
2290,false,false
2291,NEI,true
2292,true,true
2293,true,true
2294,false,false
2295,false,false
2296,false,false
2297,true,true
2298,true,false
2299,false,false
2300,true,true
2301,true,true
2302,false,false
2303,false,false
2304,true,true
2305,true,true
2306,true,true
2307,false,false
2308,false,false
2309,NEI,NEI
2310,true,true
2311,false,false
2312,true,NEI
2313,false,false
2314,false,true
2315,false,false
2316,true,true
2317,true,false
2318,NEI,true
2319,NEI,true
2320,false,false
2321,true,true
2322,false,false
2323,true,true
2324,true,true
2325,true,true
2326,NEI,false
2327,NEI,false
2328,NEI,false
2329,false,false
2330,false,false
2331,true,true
2332,true,true
2333,false,false
2334,false,true
2335,true,true
2336,NEI,NEI
2337,NEI,NEI
2338,NEI,true
2339,NEI,NEI
2340,false,false
2341,NEI,false
2342,false,false
2343,false,false
2344,NEI,true
2345,false,false
2346,false,NEI
2347,true,true
2348,false,NEI
2349,false,false
2350,NEI,false
2351,NEI,false
2352,true,true
2353,false,false
2354,false,false
2355,true,true
2356,false,false
2357,false,false
2358,false,false
2359,NEI,false
2360,false,false
2361,true,true
2362,false,false
2363,NEI,false
2364,NEI,true
2365,false,false
2366,NEI,NEI
2367,false,false
2368,false,false
2369,true,true
2370,true,true
2371,true,true
2372,true,false
2373,false,false
2374,true,true
2375,false,false
2376,false,false
2377,true,NEI
2378,false,false
2379,false,NEI
2380,NEI,true
2381,false,false
2382,false,false
2383,false,false
2384,true,true
2385,true,true
2386,false,false
2387,NEI,false
2388,NEI,false
2389,false,false
2390,NEI,true
2391,false,false
2392,true,true
2393,false,false
2394,true,NEI
2395,false,false
2396,false,NEI
2397,NEI,true
2398,false,false
2399,true,true
2400,true,true
2401,false,NEI
2402,false,false
2403,false,NEI
2404,false,false
2405,NEI,true
2406,true,true
2407,false,false
2408,false,false
2409,NEI,true
2410,NEI,NEI
2411,true,NEI
2412,false,false
2413,false,false
2414,false,false
2415,false,false
2416,false,false
2417,NEI,true
2418,false,false
2419,false,false
2420,false,false
2421,false,false
2422,true,true
2423,true,true
2424,false,true
2425,true,true
2426,true,true
2427,true,true
2428,false,false
2429,true,true
2430,NEI,false
2431,true,false
2432,NEI,false
2433,false,false
2434,false,false
2435,false,false
2436,true,true
2437,false,false
2438,true,true
2439,NEI,false
2440,true,true
2441,NEI,NEI
2442,false,NEI
2443,false,NEI
2444,false,false
2445,false,NEI
2446,NEI,false
2447,true,true
2448,true,true
2449,true,true
2450,true,true
2451,true,true
2452,true,true
2453,NEI,true
2454,false,false
2455,false,false
2456,true,true
2457,true,true
2458,false,false
2459,true,true
2460,false,true
2461,false,false
2462,NEI,NEI
2463,NEI,NEI
2464,false,true
2465,false,true
2466,false,true
2467,false,false
2468,false,false
2469,false,true
2470,true,true
2471,true,true
2472,NEI,true
2473,false,false
2474,false,true
2475,false,false
2476,true,true
2477,NEI,true
2478,false,false
2479,NEI,NEI
2480,true,true
2481,false,false
2482,true,false
2483,NEI,false
2484,NEI,false
2485,true,true
2486,false,false
2487,false,false
2488,false,false
2489,false,false
2490,true,true
2491,false,false
2492,false,false
2493,false,false
2494,true,NEI
2495,false,false
2496,false,false
2497,false,false
2498,false,false
2499,false,false
2500,true,true
2501,false,false
2502,NEI,false
2503,true,true
2504,true,true
2505,false,false
2506,false,false
2507,false,false
2508,NEI,false
2509,true,true
2510,true,NEI
2511,NEI,true
2512,false,false
2513,false,false
2514,false,NEI
2515,false,NEI
2516,false,NEI
2517,true,NEI
2518,false,false
2519,false,false
2520,true,true
2521,true,true
2522,true,true
2523,NEI,true
2524,false,true
2525,true,true
2526,true,NEI
2527,false,false
2528,false,false
2529,true,true
2530,false,false
2531,NEI,true
2532,true,true
2533,true,true
2534,NEI,true
2535,NEI,true
2536,true,true
2537,true,true
2538,false,false
2539,false,false
2540,false,false
2541,true,NEI
2542,true,true
2543,false,false
2544,false,true
2545,NEI,true
2546,true,true
2547,true,NEI
2548,true,true
2549,false,false
2550,false,false
2551,true,true
2552,true,true
2553,true,true
2554,false,false
2555,false,false
2556,false,false
2557,false,false
2558,true,false
2559,false,NEI
2560,false,false
2561,false,false
2562,NEI,true
2563,NEI,false
2564,true,true
2565,false,false
2566,false,false
2567,false,NEI
2568,false,false
2569,NEI,NEI
2570,false,false
2571,true,true
2572,false,false
2573,NEI,true
2574,false,NEI
2575,NEI,true
2576,false,false
2577,NEI,NEI
2578,NEI,NEI
2579,NEI,false
2580,true,true
2581,false,NEI
2582,false,false
2583,false,false
2584,NEI,false
2585,NEI,true
2586,false,NEI
2587,true,true
2588,NEI,false
2589,false,false
2590,false,false
2591,NEI,false
2592,NEI,false
2593,NEI,false
2594,false,false
2595,true,NEI
2596,false,true
2597,true,NEI
2598,true,true
2599,NEI,true
2600,true,NEI
2601,NEI,NEI
2602,true,true
2603,true,true
2604,true,true
2605,true,true
2606,false,false
2607,NEI,true
2608,NEI,false
2609,true,true
2610,false,false
2611,false,false
2612,true,NEI
2613,true,true
2614,true,true
2615,NEI,true
2616,false,false
2617,false,true
2618,NEI,true
2619,true,true
2620,false,false
2621,false,false
2622,false,false
2623,false,false
2624,false,false
2625,NEI,NEI
2626,true,true
2627,NEI,NEI
2628,NEI,false
2629,NEI,false
2630,NEI,false
2631,false,false
2632,false,false
2633,true,true
2634,true,true
2635,true,true
2636,NEI,false
2637,true,true
2638,true,true
2639,true,true
2640,false,false
2641,true,true
2642,true,true
2643,true,true
2644,NEI,NEI
2645,NEI,true
2646,false,false
2647,true,NEI
2648,true,true
2649,false,false
2650,false,false
2651,NEI,NEI
2652,false,false
2653,false,false
2654,false,false
2655,false,false
2656,false,true
2657,false,false
2658,NEI,true
2659,NEI,true
2660,true,true
2661,true,NEI
2662,true,true
2663,true,true
2664,false,false
2665,false,false
2666,true,true
2667,false,false
2668,true,true
2669,NEI,false
2670,NEI,false
2671,NEI,false
2672,false,false
2673,false,false
2674,true,true
2675,false,NEI
2676,false,NEI
2677,false,false
2678,true,true
2679,NEI,true
2680,false,false
2681,false,NEI
2682,false,NEI
2683,NEI,NEI
2684,false,false
2685,false,false
2686,false,false
2687,NEI,false
2688,NEI,true
2689,true,true
2690,true,true
2691,true,true
2692,true,true
2693,false,false
2694,true,true
2695,false,false
2696,true,true
2697,true,true
2698,true,true
2699,NEI,false
2700,false,false
2701,false,true
2702,true,true
2703,NEI,false
2704,true,true
2705,NEI,true
2706,NEI,true
2707,true,NEI
2708,false,false
2709,true,false
2710,true,true
2711,false,false
2712,false,false
2713,false,false
2714,NEI,true
2715,false,false
2716,false,NEI
2717,false,false
2718,false,false
2719,true,true
2720,false,false
2721,true,true
2722,false,false
2723,true,true
2724,false,false
2725,false,false
2726,false,false
2727,true,NEI
2728,false,NEI
2729,false,NEI
2730,false,NEI
2731,false,false
2732,true,true
2733,NEI,false
2734,false,false
2735,false,false
2736,false,false
2737,true,true
2738,true,NEI
2739,NEI,true
2740,true,true
2741,false,NEI
2742,false,false
2743,false,NEI
2744,true,true
2745,NEI,true
2746,false,false
2747,false,false
2748,NEI,true
2749,false,false
2750,true,true
2751,true,true
2752,true,true
2753,NEI,true
2754,false,false
2755,false,false
2756,false,NEI
2757,true,true
2758,NEI,true
2759,true,true
2760,true,true
2761,true,true
2762,false,false
2763,false,NEI
2764,false,false
2765,true,true
2766,false,NEI
2767,true,NEI
2768,true,true
2769,NEI,true
2770,false,false
2771,false,false
2772,NEI,NEI
2773,false,false
2774,true,true
2775,false,false
2776,false,false
2777,true,true
2778,true,true
2779,false,false
2780,false,false
2781,NEI,true
2782,true,true
2783,true,true
2784,true,true
2785,NEI,NEI
2786,false,false
2787,true,NEI
2788,true,true
2789,NEI,NEI
2790,false,false
2791,false,true
2792,NEI,true
2793,true,true
2794,false,false
2795,NEI,true
2796,true,true
2797,false,false
2798,false,false
2799,NEI,false
2800,false,false
2801,false,true
2802,false,false
2803,false,false
2804,true,false
2805,true,NEI
2806,true,true
2807,true,false
2808,true,true
2809,false,false
2810,false,false
2811,false,false
2812,false,false
2813,false,false
2814,true,true
2815,false,true
2816,NEI,true
2817,true,true
2818,NEI,true
2819,true,NEI
2820,false,NEI
2821,false,false
2822,true,true
2823,true,true
2824,true,true
2825,false,false
2826,false,true
2827,true,true
2828,NEI,true
2829,true,true
2830,true,true
2831,true,true
2832,false,true
2833,NEI,true
2834,false,false
2835,false,false
2836,false,false
2837,true,NEI
2838,NEI,false
2839,false,false
2840,false,false
2841,false,false
2842,false,false
2843,NEI,true
2844,false,NEI
2845,false,false
2846,true,true
2847,NEI,true
2848,true,true
2849,true,true
2850,true,NEI
2851,true,NEI
2852,false,false
2853,false,false
2854,false,false
2855,true,true
2856,true,true
2857,false,false
2858,NEI,true
2859,NEI,false
2860,false,false
2861,true,true
2862,true,true
2863,true,NEI
2864,true,true
2865,false,false
2866,true,true
2867,NEI,false
2868,false,false
2869,true,true
2870,false,false
2871,NEI,false
2872,false,false
2873,true,true
2874,NEI,false
2875,false,NEI
2876,NEI,false
2877,true,true
2878,true,true
2879,true,NEI
2880,NEI,false
2881,false,false
2882,false,false
2883,false,false
2884,true,true
2885,NEI,NEI
2886,false,false
2887,NEI,true
2888,false,false
2889,false,false
2890,true,true
2891,true,true
2892,false,false
2893,true,true
2894,true,NEI
2895,NEI,true
2896,false,true
2897,false,false
2898,false,true
2899,true,true
2900,false,false
2901,true,true
2902,NEI,true
2903,NEI,NEI
2904,NEI,NEI
2905,NEI,false
2906,NEI,NEI
2907,NEI,true
2908,false,false
2909,false,false
2910,false,false
2911,false,false
2912,true,false
2913,false,false
2914,false,false
2915,NEI,true
2916,NEI,true
2917,false,false
2918,false,false
2919,false,NEI
2920,false,false
2921,true,true
2922,false,false
2923,NEI,true
2924,false,false
2925,true,true
2926,true,true
2927,NEI,NEI
2928,NEI,false
2929,false,false
2930,NEI,false
2931,NEI,NEI
2932,true,true
2933,false,false
2934,true,true
2935,false,false
2936,true,NEI
2937,true,true
2938,NEI,true
2939,NEI,true
2940,NEI,NEI
2941,false,false
2942,false,true
2943,false,false
2944,true,true
2945,false,true
2946,false,false
2947,true,false
2948,true,true
2949,true,NEI
2950,true,true
2951,true,true
2952,NEI,NEI
2953,NEI,true
2954,NEI,true
2955,false,false
2956,true,true
2957,true,true
2958,false,false
2959,false,false
2960,false,false
2961,false,false
2962,false,false
2963,true,true
2964,true,true
2965,true,true
2966,false,false
2967,false,NEI
2968,true,false
2969,true,NEI
2970,NEI,false
2971,true,true
2972,NEI,NEI
2973,true,true
2974,true,true
2975,true,NEI
2976,NEI,true
2977,NEI,true
2978,false,false
2979,false,false
2980,false,true
2981,false,false
2982,true,true
2983,true,true
2984,true,true
2985,false,false
2986,false,false
2987,true,true
2988,false,false
2989,true,NEI
2990,NEI,true
2991,NEI,false
2992,NEI,false
2993,NEI,false
2994,false,false
2995,true,false
2996,false,false
2997,NEI,false
2998,false,false
2999,false,false
3000,true,true
3001,false,false
3002,true,true
3003,false,false
3004,false,false
3005,true,true
3006,true,true
3007,false,true
3008,true,true
3009,false,false
3010,true,true
3011,true,true
3012,false,false
3013,false,false
3014,true,true
3015,false,false
3016,false,false
3017,true,true
3018,false,false
3019,NEI,true
3020,true,true
3021,false,NEI
3022,true,true
3023,false,false
3024,true,true
3025,false,NEI
3026,false,true
3027,false,false
3028,false,NEI
3029,false,NEI
3030,NEI,false
3031,true,false
3032,false,false
3033,true,true
3034,false,false
3035,true,true
3036,true,true
3037,NEI,true
3038,false,false
3039,false,NEI
3040,false,NEI
3041,NEI,NEI
3042,NEI,false
3043,true,true
3044,false,true
3045,true,true
3046,true,true
3047,false,false
3048,NEI,NEI
3049,true,true
3050,NEI,true
3051,true,NEI
3052,true,false
3053,true,true
3054,false,NEI
3055,true,true
3056,NEI,true
3057,true,true
3058,NEI,true
3059,NEI,true
3060,true,true
3061,false,false
3062,false,true
3063,NEI,false
3064,false,false
3065,true,true
3066,false,false
3067,true,true
3068,false,false
3069,false,false
3070,false,false
3071,true,true
3072,false,false
3073,true,true
3074,false,NEI
3075,true,true
3076,false,false
3077,false,true
3078,true,NEI
3079,NEI,true
3080,NEI,true
3081,true,NEI
3082,false,true
3083,NEI,NEI
3084,true,true
3085,false,true
3086,false,true
3087,false,false
3088,true,NEI
3089,true,true
3090,NEI,false
3091,NEI,NEI
3092,false,NEI
3093,false,false
3094,false,NEI
3095,false,true
3096,true,false
3097,true,true
3098,true,false
3099,true,true
3100,NEI,false
3101,NEI,true
3102,NEI,false
3103,false,false
3104,true,true
3105,NEI,NEI
3106,false,false
3107,false,false
3108,true,true
3109,true,true
3110,true,true
3111,false,false
3112,false,false
3113,true,true
3114,false,false
3115,false,false
3116,false,false
3117,true,true
3118,true,true
3119,NEI,true
3120,true,true
3121,NEI,true
3122,false,NEI
3123,false,NEI
3124,false,false
3125,true,true
3126,false,true
3127,false,NEI
3128,NEI,false
3129,false,NEI
3130,true,true
3131,true,true
3132,NEI,NEI
3133,false,false
3134,false,false
3135,false,NEI
3136,false,NEI
3137,NEI,true
3138,false,false
3139,false,false
3140,NEI,true
3141,false,false
3142,true,true
3143,NEI,false
3144,true,true
3145,true,false
3146,false,NEI
3147,NEI,false
3148,false,false
3149,false,false
3150,NEI,false
3151,true,true
3152,false,false
3153,NEI,false
3154,false,NEI
3155,true,true
3156,false,false
3157,NEI,false
3158,NEI,false
3159,NEI,true
3160,false,false
3161,false,false
3162,NEI,true
3163,NEI,true
3164,true,false
3165,true,true
3166,NEI,true
3167,false,NEI
3168,true,true
3169,true,NEI
3170,true,NEI
3171,true,true
3172,true,true
3173,false,true
3174,NEI,true
3175,false,false
3176,true,true
3177,true,true
3178,true,true
3179,false,NEI
3180,true,true
3181,false,true
3182,false,false
3183,true,true
3184,true,true
3185,false,false
3186,false,true
3187,false,false
3188,false,true
3189,false,false
3190,false,false
3191,false,false
3192,true,true
3193,true,true
3194,true,NEI
3195,true,true
3196,true,false
3197,true,true
3198,true,true
3199,NEI,false
3200,false,NEI
3201,true,true
3202,true,true
3203,false,false
3204,false,false
3205,NEI,true
3206,NEI,true
3207,true,true
3208,NEI,true
3209,NEI,false
3210,true,true
3211,NEI,false
3212,false,false
3213,true,false
3214,true,true
3215,true,true
3216,true,NEI
3217,true,true
3218,false,false
3219,false,NEI
3220,false,false
3221,NEI,false
3222,NEI,false
3223,true,NEI
3224,false,false
3225,true,true
3226,NEI,false
3227,true,true
3228,NEI,true
3229,NEI,true
3230,true,true
3231,true,true
3232,true,true
3233,false,false
3234,true,false
3235,true,true
3236,NEI,true
3237,NEI,true
3238,false,NEI
3239,false,NEI
3240,true,true
3241,false,false
3242,true,false
3243,false,false
3244,true,true
3245,NEI,true
3246,true,true
3247,true,NEI
3248,true,true
3249,true,true
3250,NEI,true
3251,false,false
3252,NEI,true
3253,false,false
3254,true,true
3255,true,true
3256,true,true
3257,NEI,true
3258,true,true
3259,false,false
3260,false,false
3261,true,true
3262,false,false
3263,NEI,true
3264,true,true
3265,false,false
3266,true,true
3267,false,false
3268,true,true
3269,true,true
3270,true,NEI
3271,true,true
3272,true,true
3273,false,false
3274,true,true
3275,true,true
3276,false,false
3277,false,false
3278,false,false
3279,false,false
3280,false,NEI
3281,true,false
3282,true,true
3283,NEI,false
3284,true,NEI
3285,true,false
3286,false,false
3287,false,NEI
3288,true,true
3289,false,false
3290,true,true
3291,false,false
3292,false,NEI
3293,NEI,false
3294,false,false
3295,true,true
3296,true,true
3297,true,true
3298,false,false
3299,false,false
3300,true,false
3301,false,NEI
3302,true,true
3303,NEI,false
3304,true,false
3305,false,false
3306,true,true
3307,false,NEI
3308,false,false
3309,true,true
3310,false,false
3311,false,false
3312,false,true
3313,false,false
3314,true,NEI
3315,NEI,false
3316,false,false
3317,NEI,NEI
3318,NEI,true
3319,false,false
3320,NEI,false
3321,false,false
3322,true,true
3323,false,false
3324,NEI,true
3325,NEI,true
3326,false,false
3327,false,false
3328,false,NEI
3329,true,true
3330,true,NEI
3331,true,false
3332,false,false
3333,false,true
3334,true,true
3335,true,true
3336,NEI,true
3337,true,NEI
3338,false,NEI
3339,true,true
3340,NEI,false
3341,NEI,NEI
3342,NEI,true
3343,false,NEI
3344,NEI,false
3345,true,true
3346,false,false
3347,false,false
3348,NEI,true
3349,NEI,NEI
3350,NEI,true
3351,NEI,true
3352,NEI,NEI
3353,NEI,true
3354,false,false
3355,NEI,false
3356,true,false
3357,NEI,false
3358,false,false
3359,NEI,false
3360,true,false
3361,NEI,false
3362,NEI,false
3363,NEI,false
3364,NEI,false
3365,NEI,true
3366,NEI,false
3367,true,true
3368,false,false
